Date,Interest Rates (MPR),Interest Rates (AL),Total Liquidity/M2+,Private Sector Credit,Exchange Rates ,Exchange Rates,Commodity Prices,Commodity Prices ,Commodity Prices,CPI,Inflation
2000-01-01,27.0,37.50,492.90,,0.35,0.36,846.30,25.20,285.00,4.60,12.30
2000-02-01,27.0,37.5,496.60,,0.37,0.38,701.40,24.60,273.90,4.70,16.50
2000-03-01,27.0,37.5,514.70,,0.39,0.41,846.50,27.30,286.70,4.90,19.90
2000-04-01,27.0,37.5,528.90,,0.43,0.44,816.40,23.30,280.20,5.10,23.40
2000-05-01,27.0,37.5,544.50,,0.46,0.47,822.10,27.40,275.80,5.40,34.00
2000-06-01,27.0,38.5,564.70,,0.50,0.55,852.50,29.60,285.80,5.60,39.10
2000-07-01,27.0,45.0,587.90,,0.58,0.61,845.50,28.80,282.00,5.80,46.10
2000-08-01,27.0,47.8,600.70,,0.63,0.64,775.00,30.10,274.40,6.10,52.50
2000-09-01,27.0,47.8,627.00,,0.65,0.65,790.10,32.50,273.70,6.30,57.90
2000-10-01,27.0,47.5,641.80,,0.66,0.67,807.00,31.60,270.30,6.60,60.20
2000-11-01,27.0,47.0,692.70,,0.68,0.68,714.90,32.20,266.30,6.60,58.20
2000-12-01,27.0,47.0,724.80,400.00,0.64,0.69,717.90,26.70,271.30,6.90,62.20
2001-01-01,27.0,47.0,747.10,400.00,0.69,0.69,916.40,25.80,265.70,7.40,59.50
2001-02-01,27.0,47.0,751.50,400.00,0.69,0.70,1097.90,27.70,262.00,7.60,60.70
2001-03-01,27.0,47.0,756.20,400.00,0.71,0.71,1054.50,25.70,263.20,7.90,63.00
2001-04-01,27.0,47.0,762.10,400.00,0.71,0.71,1005.50,25.40,257.80,8.10,59.60
2001-05-01,27.0,47.0,765.80,400.00,0.71,0.72,1005.50,25.40,257.80,8.20,53.70
2001-06-01,27.0,47.0,771.10,400.00,0.72,0.72,923.70,26.70,273.00,8.30,48.10
2001-07-01,27.0,47.3,796.30,400.00,0.71,0.71,926.40,25.70,267.90,8.30,43.10
2001-08-01,27.0,47.8,807.70,400.00,0.71,0.71,997.50,25.80,273.20,8.10,33.90
2001-09-01,27.0,47.3,848.50,400.00,0.71,0.71,963.10,26.10,283.70,8.10,27.90
2001-10-01,27.0,47.0,898.50,400.00,0.71,0.71,1045.50,21.50,282.20,8.30,26.50
2001-11-01,27.0,45.7,966.20,400.00,0.71,0.72,1194.10,19.20,276.30,8.30,24.90
2001-12-01,27.0,43.8,1024.80,500.00,0.72,0.73,1290.20,19.30,276.30,8.30,20.90
2002-01-01,27.0,40.0,1043.70,500.00,0.73,0.73,1335.20,20.00,281.90,8.80,19.60
2002-02-01,27.0,40.0,1057.80,500.00,0.74,0.75,1439.00,20.20,296.00,8.70,14.90
2002-03-01,24.5,37.5,1074.50,500.00,0.76,0.76,1519.70,24.00,294.60,8.70,9.30
2002-04-01,24.5,35.0,1079.20,500.00,0.77,0.77,1530.50,26.00,303.10,8.70,7.40
2002-05-01,24.5,35.0,1102.90,500.00,0.78,0.78,1546.60,25.70,314.50,8.60,4.80
2002-06-01,24.5,34.0,1126.00,500.00,0.79,0.79,1525.90,24.50,322.10,8.60,3.90
2002-07-01,24.5,34.0,1165.00,500.00,0.80,0.81,1754.20,25.70,313.50,8.60,3.90
2002-08-01,24.5,34.0,1181.50,500.00,0.81,0.81,1855.60,26.30,310.50,8.80,7.80
2002-09-01,24.5,36.0,1213.60,600.00,0.81,0.81,2070.80,28.30,319.70,8.90,10.70
2002-10-01,24.5,36.0,1303.10,600.00,0.82,0.82,2151.40,27.50,316.50,9.10,9.30
2002-11-01,24.5,36.3,1432.60,600.00,0.81,0.83,1791.90,24.50,319.30,9.10,10.10
2002-12-01,24.5,38.5,1536.80,600.00,0.83,0.84,2013.70,27.40,333.40,9.30,12.00
2003-01-01,25.5,34.0,1540.80,600.00,0.84,0.85,2190.00,30.20,358.10,10.00,13.50
2003-02-01,25.5,34.0,1557.50,600.00,0.85,0.85,2255.80,32.40,359.80,11.00,25.50
2003-03-01,27.5,34.0,1521.00,600.00,0.86,0.86,1991.90,29.50,340.80,11.20,29.80
2003-04-01,27.5,36.0,1513.50,600.00,0.86,0.86,1981.50,24.80,329.30,11.30,29.30
2003-05-01,27.5,36.5,1580.80,600.00,0.86,0.87,1758.00,25.40,355.80,11.40,31.60
2003-06-01,27.5,35.9,1604.30,700.00,0.87,0.87,1533.70,27.20,357.20,11.40,32.90
2003-07-01,26.0,35.9,1625.40,700.00,0.87,0.87,1529.90,28.20,351.50,11.50,33.00
2003-08-01,26.0,35.9,1651.10,700.00,0.87,0.87,1584.40,29.40,360.60,11.70,33.60
2003-09-01,26.0,35.9,1644.60,700.00,0.86,0.87,1599.90,26.80,379.20,11.60,29.80
2003-10-01,24.0,35.3,1799.70,800.00,0.87,0.87,1459.50,29.00,379.10,12.10,33.20
2003-11-01,24.0,35.3,1927.80,800.00,0.88,0.88,1348.60,28.80,390.60,12.20,33.60
2003-12-01,21.5,35.3,2117.40,800.00,0.88,0.88,1590.10,29.60,408.00,12.20,31.30
2004-01-01,21.5,32.8,2147.10,800.00,0.88,0.88,1599.60,30.60,414.10,12.90,29.00
2004-02-01,20.0,32.5,2116.40,800.00,0.89,0.89,1528.60,30.30,404.30,13.00,18.60
2004-03-01,20.0,32.0,2124.80,800.00,0.89,0.90,1467.80,32.70,407.60,13.00,15.60
2004-04-01,20.0,31.8,2145.50,900.00,0.90,0.90,1389.20,30.00,403.50,13.20,17.30
2004-05-01,18.5,31.8,2187.50,900.00,0.90,0.90,1373.30,37.10,384.70,13.40,17.60
2004-06-01,18.5,31.8,2249.00,900.00,0.90,0.90,1348.60,35.50,392.00,13.50,18.00
2004-07-01,18.5,31.8,2248.70,900.00,0.90,0.90,1514.20,37.70,397.90,13.20,15.00
2004-08-01,18.5,28.8,2277.90,900.00,0.90,0.90,1682.60,41.70,401.50,13.80,17.50
2004-09-01,18.5,28.8,2328.50,1000.00,0.90,0.90,1488.30,42.80,405.60,13.90,19.60
2004-10-01,18.5,28.8,2467.90,1100.00,0.90,0.90,1441.30,49.40,420.60,14.10,16.90
2004-11-01,18.5,28.8,2600.80,1000.00,0.90,0.90,1626.50,44.50,439.70,14.20,16.50
2004-12-01,18.5,28.8,2666.70,1000.00,0.90,0.90,1620.10,40.60,441.90,14.30,16.40
2005-01-01,18.5,28.8,2587.30,1100.00,0.90,0.90,1508.70,44.90,423.70,15.10,16.80
2005-02-01,18.5,28.8,2605.40,1100.00,0.90,0.90,1586.10,45.80,423.80,15.20,17.00
2005-03-01,18.5,28.8,2633.70,1100.00,0.90,0.91,1723.20,53.30,434.40,15.30,17.80
2005-04-01,18.5,29.1,2689.80,1200.00,0.91,0.91,1537.00,53.20,429.60,15.50,17.10
2005-05-01,16.5,29.1,2689.80,1200.00,0.91,0.91,1457.90,49.90,422.70,15.30,14.50
2005-06-01,16.5,29.1,2710.80,1200.00,0.91,0.91,1480.70,55.60,429.40,15.40,14.00
2005-07-01,16.5,28.1,2711.20,1300.00,0.91,0.91,1428.80,57.90,424.90,15.50,17.30
2005-08-01,16.5,27.9,2801.00,1300.00,0.91,0.91,1409.90,63.80,438.00,15.60,13.30
2005-09-01,15.5,27.9,2700.60,1300.00,0.90,0.91,1436.70,63.70,456.20,15.80,14.30
2005-10-01,15.5,27.3,2870.20,1400.00,0.91,0.91,1380.00,59.40,470.60,16.20,14.90
2005-11-01,15.5,26.3,2876.80,1400.00,0.91,0.91,1367.60,56.20,476.00,16.30,14.70
2005-12-01,15.5,26.0,3046.80,1400.00,0.91,0.91,1461.60,57.60,510.90,16.20,13.90
2006-01-01,14.5,26.0,3067.30,1400.00,0.91,0.91,1518.30,63.90,550.80,17.00,12.80
2006-02-01,14.5,26.0,3137.90,1400.00,0.91,0.91,1482.20,61.10,555.60,17.10,12.30
2006-03-01,14.5,26.0,3150.10,1400.00,0.91,0.91,1481.20,63.10,557.20,17.00,11.30
2006-04-01,14.5,26.0,3283.50,1500.00,0.91,0.91,1471.60,70.60,612.30,17.20,11.20
2006-05-01,14.5,26.0,3337.20,1600.00,0.91,0.91,1518.30,71.00,673.60,17.10,11.70
2006-06-01,14.5,26.0,3407.90,1700.00,0.91,0.92,1520.90,69.70,595.60,17.10,11.40
2006-07-01,14.5,26.0,3462.10,1700.00,0.92,0.92,1596.50,74.20,633.10,17.50,12.90
2006-08-01,14.5,26.0,3523.60,1700.00,0.92,0.92,1495.10,73.90,631.00,17.60,12.60
2006-09-01,14.5,24.3,3608.30,1800.00,0.92,0.92,1488.30,63.50,600.50,17.70,11.70
2006-10-01,14.5,24.3,3745.70,1900.00,0.92,0.92,1449.30,60.10,587.20,18.00,10.90
2006-11-01,14.5,26.0,3940.20,2000.00,0.92,0.92,1498.50,60.00,629.10,18.00,10.70
2006-12-01,12.5,26.0,4230.20,2100.00,0.92,0.92,1629.30,62.50,628.70,18.00,10.90
2007-01-01,12.5,24.3,4276.10,2100.00,0.92,0.92,1607.70,54.60,630.60,18.90,10.90
2007-02-01,12.5,24.3,4229.10,2200.00,0.92,0.92,1712.00,59.00,664.40,18.90,10.40
2007-03-01,12.5,24.3,4282.40,2300.00,0.92,0.93,1839.70,62.40,655.20,18.80,10.20
2007-04-01,12.5,24.3,4470.60,2300.00,0.93,0.93,1897.40,67.50,678.80,19.00,10.50
2007-05-01,12.5,24.3,4594.70,2400.00,0.93,0.93,1910.10,67.90,667.60,19.00,11.00
2007-06-01,12.5,24.3,4524.80,2500.00,0.93,0.93,1927.70,70.50,655.40,19.00,10.70
2007-07-01,12.5,24.3,4664.70,2700.00,0.93,0.93,2051.60,75.80,665.70,19.30,10.10
2007-08-01,12.5,24.3,4757.30,2700.00,0.93,0.93,1826.40,71.20,666.00,19.40,10.40
2007-09-01,12.5,24.3,4831.30,2900.00,0.94,0.94,1895.50,77.00,713.60,19.50,10.20
2007-10-01,12.5,24.3,5130.00,3000.00,0.94,0.95,1878.30,82.50,754.60,19.80,10.10
2007-11-01,13.5,23.8,5443.10,3200.00,0.95,0.96,1947.20,92.10,806.00,20.00,11.40
2007-12-01,13.5,23.8,5750.60,3300.00,0.96,0.96,2071.90,91.50,807.20,20.30,12.70
2008-01-01,13.5,23.8,5710.30,3300.00,0.97,0.97,2174.50,91.90,891.00,21.30,12.80
2008-02-01,13.5,23.8,5758.50,3400.00,0.97,0.97,2501.80,94.50,925.00,21.30,13.20
2008-03-01,14.3,23.8,5959.40,3600.00,0.98,0.97,2614.20,103.00,965.90,21.40,13.80
2008-04-01,14.3,23.8,6010.70,3700.00,0.98,0.98,2567.50,110.40,909.80,21.90,15.30
2008-05-01,16.0,23.8,6251.30,3800.00,0.99,1.00,2647.00,124.60,889.90,22.20,16.90
2008-06-01,16.0,23.8,6197.80,4000.00,1.01,1.02,3071.20,133.50,891.80,22.50,18.40
2008-07-01,17.0,23.8,6518.20,4200.00,1.04,1.06,2928.50,134.80,938.50,22.80,18.30
2008-08-01,17.0,23.8,6694.90,4300.00,1.08,1.10,2771.30,115.20,835.90,22.90,18.10
2008-09-01,17.0,24.5,6938.40,4500.00,1.11,1.12,2645.70,100.70,829.20,23.00,17.90
2008-10-01,17.0,24.5,7059.30,4700.00,1.14,1.15,2194.60,73.60,803.90,23.20,17.30
2008-11-01,17.0,24.5,7194.50,4800.00,1.17,1.18,2033.60,55.00,760.80,23.50,17.40
2008-12-01,17.0,27.3,8128.10,4900.00,1.19,1.21,2445.10,43.30,821.50,24.00,18.10
2009-01-01,17.0,27.3,7824.00,4900.00,1.24,1.27,2574.60,45.60,860.10,25.50,19.90
2009-02-01,18.5,29.8,7846.60,5100.00,1.31,1.33,2622.30,43.70,942.60,25.70,20.30
2009-03-01,18.5,31.3,8211.90,5400.00,1.35,1.37,2444.50,47.30,924.40,25.70,20.50
2009-04-01,18.5,32.8,8200.40,5500.00,1.38,1.40,2498.00,51.20,891.40,26.40,20.60
2009-05-01,18.5,32.8,8350.30,5500.00,1.41,1.42,2402.80,58.60,926.50,26.70,20.10
2009-06-01,18.5,32.8,8620.90,5600.00,1.44,1.45,2631.70,69.30,903.80,27.10,20.70
2009-07-01,18.5,32.8,8793.90,5600.00,1.46,1.47,2708.50,65.80,934.40,27.50,20.50
2009-08-01,18.5,32.8,8694.70,5600.00,1.47,1.46,2876.30,73.10,949.30,27.50,19.60
2009-09-01,18.5,32.8,8728.80,5700.00,1.46,1.46,3042.00,68.20,995.20,27.20,18.40
2009-10-01,18.5,32.8,9214.50,5700.00,1.45,1.45,3253.50,73.90,1044.60,27.40,18.00
2009-11-01,18.0,32.8,9711.30,5700.00,1.44,1.44,3230.40,77.50,1127.90,27.50,16.90
2009-12-01,18.0,32.8,10211.40,5700.00,1.44,1.43,3334.50,75.20,1126.80,27.80,16.00
2010-01-01,18.0,32.8,10222.30,5700.00,1.43,1.43,3348.20,76.90,1117.00,29.30,14.80
2010-02-01,16.0,32.4,10094.10,5800.00,1.43,1.43,3067.60,74.80,1095.50,29.30,14.20
2010-03-01,16.0,31.8,10538.00,5900.00,1.43,1.42,2867.00,79.90,1113.80,29.20,13.30
2010-04-01,15.0,31.8,10408.20,5800.00,1.42,1.42,3030.80,85.70,1147.90,29.50,11.70
2010-05-01,15.0,31.8,10467.10,5900.00,1.42,1.42,2831.30,77.00,1202.80,29.50,10.70
2010-06-01,15.0,30.6,10846.00,6100.00,1.42,1.43,2998.90,75.70,1233.20,29.70,9.50
2010-07-01,13.5,28.5,10770.80,5900.00,1.43,1.44,3011.60,75.50,1193.70,30.10,9.50
2010-08-01,13.5,28.5,10830.00,6200.00,1.43,1.43,2897.60,77.10,1215.50,30.00,9.40
2010-09-01,13.5,27.6,11170.80,6200.00,1.43,1.43,2748.90,78.20,1271.10,29.80,9.40
2010-10-01,13.5,27.6,12259.60,6200.00,1.43,1.43,2814.40,83.50,1343.00,30.00,9.40
2010-11-01,13.5,27.6,12924.80,6500.00,1.43,1.44,2811.30,86.10,1369.70,30.00,9.10
2010-12-01,13.5,27.6,13663.00,6800.00,1.44,1.45,2980.30,92.30,1391.20,30.20,8.60
2011-01-01,13.5,27.6,13644.90,6700.00,1.46,1.48,3083.10,96.80,1359.50,32.00,9.10
2011-02-01,13.5,27.6,13719.90,6300.00,1.51,1.51,3430.40,104.10,1372.40,32.00,9.20
2011-03-01,13.5,27.5,14334.50,6500.00,1.52,1.52,3348.40,114.60,1422.50,31.80,9.10
2011-04-01,13.5,27.5,14728.90,6800.00,1.52,1.51,3085.80,123.10,1481.10,32.10,9.00
2011-05-01,13.0,27.5,14727.90,7000.00,1.51,1.50,3036.40,114.50,1515.20,32.10,8.90
2011-06-01,13.0,27.0,15202.10,7200.00,1.51,1.51,2973.00,113.90,1528.20,32.30,8.60
2011-07-01,12.5,27.0,15353.80,7400.00,1.51,1.51,3110.80,116.70,1575.10,32.60,8.40
2011-08-01,12.5,27.0,15388.70,7500.00,1.51,1.51,2993.50,109.80,1770.10,32.60,8.40
2011-09-01,12.5,27.0,15851.20,7800.00,1.52,1.53,2821.00,110.00,1769.00,32.30,8.40
2011-10-01,12.5,27.0,16929.10,7900.00,1.55,1.56,2638.80,108.80,1673.70,32.60,8.60
2011-11-01,12.5,25.9,17393.30,8200.00,1.56,1.57,2520.30,110.60,1744.70,32.60,8.50
2011-12-01,12.5,25.9,18195.20,8600.00,1.58,1.58,2173.10,107.70,1658.50,32.80,8.60
2012-01-01,12.5,25.9,18097.40,8800.00,1.61,1.67,2266.10,111.60,1661.00,34.80,8.70
2012-02-01,13.5,25.9,18270.50,9000.00,1.67,1.68,2313.50,119.20,1742.50,35.00,9.30
2012-03-01,13.5,25.9,18500.20,9400.00,1.70,1.73,2315.00,124.60,1672.90,35.00,10.10
2012-04-01,14.5,25.9,19158.60,9300.00,1.76,1.79,2197.80,120.40,1647.70,35.60,10.70
2012-05-01,14.5,25.9,19831.40,9700.00,1.84,1.87,2207.80,109.40,1579.20,35.80,11.40
2012-06-01,15.0,24.7,20399.10,10000.00,1.89,1.90,2191.00,95.90,1602.90,36.10,11.90
2012-07-01,15.0,24.7,19905.30,10500.00,1.92,1.92,2270.00,102.80,1591.00,36.50,12.00
2012-08-01,15.0,24.5,20122.90,10800.00,1.93,1.92,2452.00,113.20,1631.00,36.40,11.70
2012-09-01,15.0,25.7,20411.90,11200.00,1.91,1.90,2577.20,113.00,1746.90,36.00,11.50
2012-10-01,15.0,25.7,20642.00,11400.00,1.89,1.88,2409.80,111.50,1745.00,36.40,11.80
2012-11-01,15.0,25.7,21959.10,11400.00,1.90,1.89,2440.20,109.50,1721.20,36.60,12.40
2012-12-01,15.0,25.7,22620.10,11500.00,1.88,1.88,2364.80,109.20,1678.80,36.90,12.60
2013-01-01,15.0,25.7,22199.70,11600.00,1.90,1.90,2233.70,112.30,1670.60,38.30,10.10
2013-02-01,15.0,25.7,22505.80,12000.00,1.90,1.91,2167.00,116.10,1626.60,38.60,10.40
2013-03-01,15.0,27.1,22990.70,12200.00,1.92,1.94,2119.60,109.50,1593.50,38.80,10.80
2013-04-01,16.0,27.1,23061.00,12200.00,1.95,1.97,2266.00,103.30,1491.00,39.40,10.90
2013-05-01,16.0,27.1,23213.50,12900.00,1.96,1.97,2315.40,103.30,1415.80,39.70,11.00
2013-06-01,16.0,27.4,23303.30,13400.00,1.99,1.99,2248.80,103.30,1337.50,40.30,11.60
2013-07-01,16.0,27.4,23302.70,13400.00,1.99,1.99,2269.20,107.40,1288.50,40.80,11.80
2013-08-01,16.0,27.4,23236.10,13700.00,1.99,2.00,2448.70,110.30,1351.00,40.50,11.50
2013-09-01,16.0,27.4,23998.00,14100.00,2.00,2.00,2573.40,111.20,1349.50,40.30,11.90
2013-10-01,16.0,25.6,24937.60,14300.00,2.00,2.03,2702.70,109.50,1316.70,41.20,13.10
2013-11-01,16.0,25.6,25843.70,14400.00,2.06,2.08,2732.00,107.80,1273.90,41.50,13.20
2013-12-01,16.0,25.6,26937.00,14800.00,2.11,2.16,2779.10,110.60,1223.00,41.90,13.50
2014-01-01,16.0,25.6,27754.30,15500.00,2.29,2.40,2746.30,107.30,1244.40,43.60,13.80
2014-02-01,18.0,25.6,28317.80,16100.00,2.44,2.52,2940.30,108.80,1305.80,44.10,14.00
2014-03-01,18.0,25.6,29214.10,17100.00,2.58,2.68,2976.40,107.70,1335.40,44.50,14.50
2014-04-01,18.0,27.0,29683.60,18000.00,2.74,2.79,2972.90,108.10,1298.20,45.20,14.70
2014-05-01,18.0,27.8,30371.50,18900.00,2.86,2.89,2953.90,109.20,1288.10,45.60,14.80
2014-06-01,18.0,27.8,30737.80,19500.00,2.98,3.00,3090.10,112.00,1280.20,46.40,15.00
2014-07-01,18.0,27.8,31501.40,19700.00,3.03,3.03,3124.00,108.20,1311.60,47.10,15.30
2014-08-01,18.0,27.8,31643.60,20400.00,3.06,3.13,3225.20,103.50,1295.50,47.00,15.90
2014-09-01,19.0,27.4,32052.40,20800.00,3.19,3.20,3182.00,98.60,1237.70,46.90,16.50
2014-10-01,19.0,26.4,33400.20,21000.00,3.20,3.20,3057.80,88.10,1226.70,48.10,16.90
2014-11-01,21.0,26.4,34743.60,21400.00,3.20,3.20,2852.70,79.50,1176.70,48.60,17.00
2014-12-01,21.0,29.0,36843.10,21000.00,3.20,3.20,2919.10,62.40,1200.70,49.00,17.00
2015-01-01,21.0,29.0,36835.30,21000.00,3.22,3.24,2871.20,49.80,1249.90,50.70,16.40
2015-02-01,21.0,29.0,37673.40,21900.00,3.36,3.47,2894.00,58.70,1228.60,51.30,16.50
2015-03-01,21.0,29.0,38387.80,23300.00,3.59,3.75,2796.90,57.00,1181.20,51.90,16.60
2015-04-01,21.0,29.0,39512.40,24000.00,3.81,3.85,2830.00,60.90,1194.70,52.80,16.80
2015-05-01,22.0,29.0,40416.80,24700.00,3.89,4.00,3056.00,65.60,1202.30,53.30,16.90
2015-06-01,22.0,29.0,41466.50,26000.00,4.18,4.33,3193.70,63.80,1182.90,54.30,17.10
2015-07-01,22.0,27.9,37355.30,24200.00,3.53,3.45,3276.80,56.70,1130.50,55.50,17.90
2015-08-01,24.0,27.9,39736.00,25600.00,3.86,4.05,3093.70,48.20,1118.10,55.10,17.30
2015-09-01,25.0,29.0,39526.20,25300.00,3.78,3.75,3235.30,48.60,1124.70,55.00,17.40
2015-10-01,25.0,28.2,42346.70,25800.00,3.76,3.79,3134.70,49.10,1157.80,56.50,17.40
2015-11-01,26.0,29.2,43822.30,25700.00,3.79,3.79,3313.80,45.70,1087.10,57.10,17.60
2015-12-01,26.0,27.5,46455.20,26200.00,3.79,3.79,3300.80,38.90,1069.40,57.70,17.70
2016-01-01,26.0,28.8,46129.60,26100.00,3.81,3.83,2895.00,31.90,1098.10,60.40,19.00
2016-02-01,26.0,28.0,44928.10,26200.00,3.87,3.88,2860.90,33.40,1198.80,60.80,18.50
2016-03-01,26.0,28.0,45333.80,25900.00,3.85,3.83,3010.10,39.80,1243.00,61.80,19.20
2016-04-01,26.0,28.0,45962.80,26600.00,3.82,3.80,3084.40,43.30,1242.80,62.70,18.70
2016-05-01,26.0,28.2,47218.10,27200.00,3.81,3.83,3023.60,47.60,1258.10,63.40,18.90
2016-06-01,26.0,27.9,46457.80,28300.00,3.88,3.92,3070.50,49.90,1277.80,64.30,18.40
2016-07-01,26.0,28.5,47038.20,28200.00,3.94,3.95,2998.90,46.60,1338.30,64.80,16.70
2016-08-01,26.0,28.1,47895.50,28800.00,3.95,3.94,2993.50,47.20,1339.20,64.40,16.90
2016-09-01,26.0,27.8,48344.70,28500.00,3.96,3.97,2845.70,47.20,1325.40,64.50,17.20
2016-10-01,26.0,28.0,50723.60,28900.00,3.97,3.96,2694.60,51.40,1267.20,65.40,15.80
2016-11-01,25.5,28.2,52926.50,29200.00,3.97,3.98,2441.70,47.10,1237.60,66.00,15.50
2016-12-01,25.5,28.1,56692.10,30000.00,4.09,4.20,2268.40,54.90,1151.20,66.60,15.40
2017-01-01,25.5,27.6,58436.40,30000.00,4.24,4.27,2180.20,55.50,1192.80,68.40,13.30
2017-02-01,25.5,27.6,58346.80,30800.00,4.37,4.48,2003.00,56.00,1233.80,68.90,13.20
2017-03-01,23.5,27.7,58139.80,31000.00,4.48,4.32,2036.40,52.50,1231.40,69.70,12.80
2017-04-01,23.5,27.5,58195.20,30900.00,4.20,4.19,1952.60,53.70,1270.00,70.90,13.00
2017-05-01,22.5,27.3,58400.20,31600.00,4.24,4.29,1952.70,51.10,1246.10,71.40,12.60
2017-06-01,22.5,27.3,59903.80,32500.00,4.33,4.36,1956.80,47.50,1261.80,72.00,12.10
2017-07-01,21.0,27.2,61134.30,32200.00,4.37,4.37,1929.40,49.20,1236.60,72.50,11.90
2017-08-01,21.0,27.2,59845.30,30600.00,4.39,4.40,1947.60,51.90,1283.40,72.40,12.30
2017-09-01,21.0,26.7,59491.10,31300.00,4.40,4.39,1970.30,55.20,1315.80,72.40,12.20
2017-10-01,21.0,26.7,63669.20,33200.00,4.38,4.38,2085.40,57.50,1280.60,73.00,11.60
2017-11-01,20.0,26.4,63696.50,32800.00,4.40,4.41,2123.70,62.90,1282.40,73.70,11.70
2017-12-01,20.0,26.2,66063.40,34000.00,4.41,4.42,1904.60,64.30,1266.60,74.50,11.80
2018-01-01,20.0,25.6,65624.30,33500.00,4.42,4.42,1940.52,69.09,1331.70,75.50,10.30
2018-02-01,20.0,25.4,65391.70,31500.00,4.42,4.42,2109.42,65.70,1332.41,75.70,9.90
2018-03-01,18.0,25.5,67211.70,31700.00,4.41,4.40,2498.95,66.68,1325.71,76.00,9.00
2018-04-01,18.0,25.0,68255.70,32600.00,4.41,4.41,2663.52,71.67,1334.88,76.50,8.00
2018-05-01,17.0,24.7,69467.40,33200.00,4.42,4.42,2692.91,77.06,1303.03,76.90,7.80
2018-06-01,17.0,24.1,68728.80,34400.00,4.46,4.52,2435.71,75.94,1281.08,77.40,7.50
2018-07-01,17.0,23.9,71413.80,34800.00,4.65,4.69,2373.05,75.04,1238.30,77.70,7.20
2018-08-01,17.0,23.7,73665.70,31200.00,4.71,4.72,2208.39,73.85,1200.94,77.90,7.60
2018-09-01,17.0,24.0,73821.70,32400.00,4.76,4.78,2230.42,79.09,1198.14,77.90,7.70
2018-10-01,17.0,23.9,74641.10,32800.00,4.79,4.79,2138.91,80.63,1213.97,78.20,7.00
2018-11-01,17.0,23.8,75899.90,32600.00,4.79,4.81,2226.81,65.96,1220.81,78.40,6.30
2018-12-01,17.0,24.0,76380.40,33400.00,4.81,4.82,2256.25,57.67,1251.11,78.80,5.80
2019-01-01,16.0,23.7,78580.20,31900.00,4.89,4.95,2318.19,60.23,1292.09,79.90,5.90
2019-02-01,16.0,23.5,80115.30,33100.00,5.02,5.18,2273.84,64.50,1319.95,80.30,6.10
2019-03-01,16.0,23.3,81837.20,33600.00,5.18,5.08,2202.48,67.05,1300.72,80.90,6.50
2019-04-01,16.0,23.1,80948.20,34000.00,5.09,5.09,2370.43,71.66,1286.24,81.40,6.50
2019-05-01,16.0,23.1,81720.20,34500.00,5.11,5.20,2365.77,70.30,1283.37,82.30,7.00
2019-06-01,16.0,23.1,83787.10,35000.00,5.24,5.26,2467.10,63.05,1359.68,83.20,7.50
2019-07-01,16.0,24.1,81991.60,34600.00,5.26,5.26,2456.86,64.19,1414.66,83.50,7.50
2019-08-01,16.0,24.0,82382.00,35100.00,5.27,5.28,2238.59,59.47,1501.01,83.90,7.70
2019-09-01,16.0,23.7,85873.10,36100.00,5.31,5.32,2375.80,62.29,1508.42,83.80,7.50
2019-10-01,16.0,23.7,86834.80,37100.00,5.32,5.34,2474.13,59.63,1494.31,84.10,7.60
2019-11-01,16.0,23.5,89750.10,38300.00,5.39,5.53,2589.55,62.71,1471.15,84.70,8.00
2019-12-01,16.0,23.6,92975.50,39400.00,5.54,5.53,2518.38,65.17,1481.33,84.90,7.80
2020-01-01,16.0,23.1,91907.40,40459.41,5.53,5.47,2673.09,63.67,1560.74,86.10,7.70
2020-02-01,16.0,23.4,91762.70,40247.63,5.32,5.29,2825.90,55.53,1596.81,86.50,7.70
2020-03-01,14.5,23.4,92905.10,40219.19,5.36,5.44,2407.05,33.73,1590.59,87.20,7.70
2020-04-01,14.5,22.4,94556.00,40049.94,5.52,5.60,2324.29,26.63,1681.01,90.00,10.50
2020-05-01,14.5,22.1,98540.00,40194.15,5.61,5.62,2402.90,32.11,1716.82,91.60,11.20
2020-06-01,14.5,22.0,100498.90,40036.79,5.64,5.67,2324.82,40.77,1734.69,92.50,11.10
2020-07-01,14.5,21.3,101564.10,39454.73,5.67,5.68,2206.77,43.24,1843.17,93.00,11.30
2020-08-01,14.5,21.4,102814.70,40107.08,5.68,5.68,2482.14,45.04,1971.07,92.60,10.40
2020-09-01,14.5,21.3,109134.40,40717.80,5.70,5.70,2596.38,41.87,1924.47,92.50,10.30
2020-10-01,14.5,21.3,112859.70,42058.00,5.71,5.71,2423.55,41.36,1901.68,92.60,10.10
2020-11-01,14.5,20.9,116597.70,42332.08,5.71,5.71,2509.38,43.98,1867.87,92.90,9.80
2020-12-01,14.5,21.1,120479.10,43533.19,5.72,5.76,2581.32,50.23,1857.19,93.80,10.50
2021-01-01,14.5,21.0,117976.80,43125.46,5.76,5.76,2523.95,55.33,1867.04,94.70,9.90
2021-02-01,14.5,21.0,118467.50,43216.14,5.76,5.74,2508.84,62.27,1810.34,95.40,10.30
2021-03-01,14.5,21.0,119445.20,42155.80,5.73,5.73,2520.78,65.84,1722.49,96.20,10.30
2021-04-01,14.5,20.9,118933.80,42816.79,5.73,5.73,2419.48,65.33,1759.21,97.70,8.50
2021-05-01,13.5,20.8,120451.50,43293.13,5.73,5.75,2450.45,68.34,1849.28,98.40,7.50
2021-06-01,13.5,20.6,121891.30,42743.45,5.75,5.76,2407.50,73.35,1835.15,99.70,7.80
2021-07-01,13.5,20.7,122643.80,43514.24,5.78,5.80,2352.86,74.29,1805.15,101.30,9.00
2021-08-01,13.5,20.5,123548.60,43936.88,5.83,5.85,2555.86,70.51,1785.67,101.60,9.70
2021-09-01,13.5,20.2,124596.60,44994.41,5.86,5.87,2627.18,74.88,1778.29,102.20,10.60
2021-10-01,13.5,20.3,129231.00,46318.83,5.88,5.90,2632.62,83.75,1775.58,102.90,11.00
2021-11-01,14.5,20.2,131645.90,46646.45,5.91,5.92,2504.59,80.75,1818.44,104.30,12.30
2021-12-01,14.5,20.0,135555.70,48385.58,5.95,6.01,2481.95,74.80,1790.90,105.60,12.60
2022-01-01,14.5,20.2,137474.30,49320.00,6.01,6.02,2545.86,85.48,1816.43,107.80,13.90
2022-02-01,14.5,20.5,139444.40,50590.00,6.31,6.60,2681.11,94.28,1857.11,110.40,15.70
2022-03-01,17.0,20.6,142729.10,53204.82,7.05,7.11,2591.26,112.51,1949.43,114.90,19.40
2022-04-01,17.0,21.6,142563.70,54168.75,7.11,7.11,2588.10,105.81,1935.24,120.80,23.60
2022-05-01,19.0,22.5,142642.80,55471.98,7.13,7.14,2484.48,111.55,1849.50,125.70,27.60
2022-06-01,19.0,24.3,145156.90,57160.95,7.19,7.23,2428.38,117.22,1837.07,129.40,29.80
2022-07-01,19.0,26.5,150415.50,57871.25,7.39,7.61,2333.55,105.14,1737.13,133.50,31.70
2022-08-01,22.0,28.0,152455.80,59648.67,8.06,8.23,2385.96,97.74,1763.71,136.00,33.90
2022-09-01,22.0,29.8,160157.60,64019.90,8.75,9.60,2338.67,90.57,1682.12,140.60,37.50
2022-10-01,24.5,31.4,187659.20,72851.57,11.17,13.01,2337.71,93.60,1666.68,144.40,40.40
2022-11-01,27.0,33.9,194979.40,73744.05,13.07,13.10,2469.10,90.38,1726.39,156.80,50.30
2022-12-01,27.0,35.6,180266.80,63753.45,10.03,8.58,2538.57,81.34,1796.21,162.80,54.10
2023-01-01,28.0,35.9,196993.70,67637.34,9.91,10.80,2612.80,83.94,1899.98,165.60,53.60
2023-02-01,28.0,36.6,202112.30,65497.42,10.86,11.01,2677.79,83.92,1858.94,168.70,52.80
2023-03-01,29.5,35.9,206986.40,65717.67,11.01,11.01,2791.04,79.65,1912.51,166.60,45.00
2023-04-01,29.5,31.7,207528.20,64875.46,10.95,10.95,2924.37,82.74,2000.69,170.60,41.20
2023-05-01,29.5,30.9,206945.30,65362.65,10.92,10.97,2984.65,75.68,1991.12,178.70,42.20
2023-06-01,29.5,31.2,209620.60,66370.96,10.98,11.00,3185.29,74.98,1942.07,184.40,42.50
2023-07-01,30.0,31.5,212656.60,66761.61,11.00,11.00,3405.05,80.16,1949.66,191.00,43.10
2023-08-01,30.0,31.8,214595.10,65998.88,11.01,11.02,3480.26,84.63,1918.77,190.60,40.10
2023-09-01,30.0,32.5,219162.20,66835.08,11.06,11.13,3599.45,92.58,1916.34,194.20,38.10
2023-10-01,30.0,32.7,225838.90,67410.86,11.34,11.50,3603.27,88.70,1913.79,194.80,34.90
2023-11-01,30.0,33.3,233847.40,68545.49,11.55,11.62,4037.00,82.02,1984.70,198.30,26.40
2023-12-01,30.0,33.8,250019.20,70559.32,11.65,11.88,4235.60,77.26,2035.43,200.60,23.20
2024-01-01,29.0,32.9,246176.40,67793.03,11.93,12.04,4456.86,79.15,2032.41,204.60,23.50
2024-02-01,29.0,32.8,253699.10,68809.90,12.23,12.46,5712.95,81.71,2025.73,207.80,23.20
2024-03-01,29.0,32.4,261119.50,71088.64,12.67,12.88,7485.40,84.74,2158.22,209.60,25.80
2024-04-01,29.0,31.3,269605.10,71855.61,13.04,13.27,10116.86,89.00,2334.16,213.30,25.10
2024-05-01,29.0,31.1,276087.80,75108.11,13.78,14.13,8121.77,83.00,2350.81,220.00,23.10
2024-06-01,29.0,31.1,281039.00,78061.73,14.33,14.59,9022.58,83.01,2325.34,226.40,22.80
2024-07-01,29.0,30.7,287681.80,78605.81,14.75,14.90,7994.68,83.88,2391.63,231.00,20.90
2024-08-01,29.0,30.8,294288.20,80318.06,15.10,15.19,7409.50,78.92,2469.39,229.40,20.40
2024-09-01,27.0,30.6,311180.30,83974.14,15.56,15.80,7646.70,72.70,2568.81,235.80,21.50
2024-10-01,27.0,30.5,324754.50,86846.65,15.99,16.30,7273.57,75.37,2689.38,237.80,22.10
2024-11-01,27.0,30.1,326166.60,88543.98,15.98,15.27,8105.00,73.36,2651.70,243.90,23.00
2024-12-01,27.0,30.3,329781.30,89121.60,14.78,14.70,10869.14,73.18,2641.45,248.30,23.80
2025-01-01,27.0,30.1,333079.90,87701.95,14.97,15.30,11141.14,78.34,2708.37,252.60,23.50
2025-02-01,27.0,30.1,337575.70,87333.63,15.49,15.53,9946.79,74.95,2897.26,255.90,23.10
2025-03-01,28.0,29.2,343931.90,88367.90,15.53,15.53,8073.90,71.47,2981.24,256.50,22.40
2025-04-01,28.0,27.4,341660.80,86161.97,15.22,14.15,8533.86,66.30,3218.16,258.60,21.20
2025-05-01,28.0,26.9,326010.30,82406.75,12.08,10.28,9676.05,63.69,3289.34,260.50,18.40
2025-06-01,28.0,27.0,324994.60,84752.43,10.28,10.31,9155.10,69.84,3351.59,257.30,13.70
2025-07-01,25.0,26.6,,,,,8092.00,69.60,3341.20,259.10,12.10
2025-08-01,25.0,24.2,,,,,8074.30,67.30,3362.30,255.70,11.50
